created_at,epoch_nb,final_train_acc,final_val_acc,train_acc,train_loss
2018-01-04 12:33:17.595597,0.0,,,0.6976057728340134,0.5970438861698352
2018-01-04 12:33:17.595616,1.0,,,0.8386356183723295,0.44864783197318814
2018-01-04 12:33:17.595621,2.0,,,0.8615939654299922,0.39296028273111094
2018-01-04 12:33:17.595626,3.0,,,0.8852082652199578,0.341187627951252
2018-01-04 12:33:17.595630,4.0,,,0.8789767138721044,0.34716572867881745
2018-01-04 12:33:17.595635,5.0,,,0.9002951790012661,0.30456172112129914
2018-01-04 12:33:17.595639,6.0,,,0.903902919146224,0.29330873712237526
2018-01-04 12:33:17.595643,7.0,,,0.9006231553869664,0.296161887527646
2018-01-04 12:33:17.595647,8.0,,,0.8950475567909646,0.2976395013528638
2018-01-04 12:33:17.595651,9.0,,,0.9029189899891233,0.2958087689976647
2018-01-04 12:33:17.595656,10.0,,,0.9143981634690825,0.26076533679357705
2018-01-04 12:33:17.595660,11.0,,,0.9068547066957218,0.28312798077530765
2018-01-04 12:33:17.595664,12.0,,,0.9094785177422258,0.27500182073520574
2018-01-04 12:33:17.595668,13.0,,,0.9242374550987361,0.24640352219079276
2018-01-04 12:33:17.595673,14.0,,,0.9307969827931918,0.23146269496599936
2018-01-04 12:33:17.595677,15.0,,,0.9039029191071263,0.29423634488491124
2018-01-04 12:33:17.595682,16.0,,,0.9134142343315307,0.2773234612846343
2018-01-04 12:33:17.595686,17.0,,,0.9084945885851251,0.28141630840481363
2018-01-04 12:33:17.595691,18.0,,,0.9121023288278276,0.2815927440668959
2018-01-04 12:33:17.595695,19.0,,,0.9153820927043789,0.2681555516917653
2018-01-04 12:33:17.595699,20.0,,,0.9173499510185802,0.2593448417876423
2018-01-04 12:33:17.595704,21.0,,,0.9101344703963328,0.28385142915051037
2018-01-04 12:33:17.595708,22.0,,,0.9071826829836774,0.2798134143448689
2018-01-04 12:33:17.595712,23.0,,,0.9035749428387195,0.2936252892584283
2018-01-04 12:33:17.595717,24.0,,,0.91243030517443,0.26870721906531086
2018-01-04 12:33:17.595721,25.0,,,0.9002951789035215,0.30372817104235755
2018-01-04 12:33:17.595725,26.0,,,0.9045588719567224,0.2902006749521908
2018-01-04 12:33:17.595729,27.0,,,0.9075106594671223,0.2836095331809137
2018-01-04 12:33:17.595734,28.0,,,0.9130862581022218,0.2619169400867457
2018-01-04 12:33:17.595738,29.0,,,0.9121023287887298,0.2730992679548639
2018-01-04 12:33:17.595742,30.0,,,0.9098064941474749,0.28588530477948876
2018-01-04 12:33:17.595747,31.0,,,0.9048868485183629,0.28891325480783914
2018-01-04 12:33:17.595751,32.0,,,0.8960314859480653,0.30036559786003664
2018-01-04 12:33:17.595756,33.0,,,0.9084945884873805,0.27827862349347077
2018-01-04 12:33:17.595760,34.0,,,0.9166939981103374,0.25946937904626904
2018-01-04 12:33:17.595764,35.0,,,0.91866185658093,0.25829170140409985
2018-01-04 12:33:17.595768,36.0,,,0.9180059037508829,0.2631331923732057
2018-01-04 12:33:17.595772,37.0,,,0.9193178093327816,0.25347211705774275
2018-01-04 12:33:17.595777,38.0,,,0.9124303052135279,0.2693063260766865
2018-01-04 12:33:17.595781,39.0,,,0.903902919146224,0.2936593309685065
2018-01-04 12:33:17.595785,40.0,,,0.9134142343706285,0.2670313898814862
2018-01-04 12:33:17.595789,41.0,,,0.9209576911439893,0.2518640827813982
2018-01-04 12:33:17.595794,42.0,,,0.9163660218028328,0.269546239287707
2018-01-04 12:33:17.595798,43.0,,,0.9042308955319243,0.29543423636032345
2018-01-04 12:33:17.595803,44.0,,,0.9052148247672206,0.29078747106794844
2018-01-04 12:33:17.595807,45.0,,,0.8986552969945693,0.29768192601931137
2018-01-04 12:33:17.595811,46.0,,,0.9157100690118835,0.26980743849715394
2018-01-04 12:33:17.595816,47.0,,,0.919645785698933,0.255301175742276
2018-01-04 12:33:17.595820,48.0,,,0.9088225649903743,0.27812575763192243
2018-01-04 12:33:17.595824,49.0,,,0.9052148247476717,0.27702827780471156
2018-01-04 12:33:17.595828,50.0,,,0.8999672026155658,0.29156224808367637
2018-01-04 12:33:17.595833,51.0,,,0.907182683081422,0.2682297416458993
2018-01-04 12:33:17.595837,52.0,,,0.9196457857184819,0.25047161524199624
2018-01-04 12:33:17.595841,53.0,,,0.9114463759977804,0.2575501873233976
2018-01-04 12:33:17.595845,54.0,,,0.9153820927239278,0.26308469527586437
2018-01-04 12:33:17.595850,55.0,,,0.9193178092936838,0.2585034684964421
2018-01-04 12:33:17.595854,56.0,,,0.9258773370272373,0.2439175911343031
2018-01-04 12:33:17.595858,57.0,,,0.914398163566827,0.27160077427949775
2018-01-04 12:33:17.595862,58.0,,,0.9048868483424226,0.27283245889074725
2018-01-04 12:33:17.595867,59.0,,,0.9163660217832839,0.25323412654125405
2018-01-04 12:33:17.595871,60.0,,,0.9248934080265279,0.24566696587645762
2018-01-04 12:33:17.595876,61.0,,,0.9193178091959392,0.2558516260589604
2018-01-04 12:33:17.595880,62.0,,,0.9121023288669254,0.2659505287734514
2018-01-04 12:33:17.595884,63.0,,,0.9203017384898823,0.25602230578221113
2018-01-04 12:33:17.595889,64.0,,,0.919645785679384,0.2625970975439366
2018-01-04 12:33:17.595893,65.0,,,0.9160380453584858,0.25770843901881313
2018-01-04 12:33:17.595897,66.0,,,0.9285011480737413,0.2338128614842051
2018-01-04 12:33:17.595902,67.0,,,0.9219416203401878,0.23986727251952575
2018-01-04 12:33:17.595906,68.0,,,0.9248934078505877,0.24746963436504238
2018-01-04 12:33:17.595910,69.0,,,0.9239094787521337,0.2422924142033986
2018-01-04 12:33:17.595914,70.0,,,0.9203017385289801,0.2572417350998469
2018-01-04 12:33:17.595919,71.0,,,0.9301410299631446,0.2385795821847193
2018-01-04 12:33:17.595923,72.0,,,0.920957691222185,0.254174939234869
2018-01-04 12:33:17.595928,73.0,,,0.9088225649317275,0.27825730074308236
2018-01-04 12:33:17.595932,74.0,,,0.9173499509403845,0.26618568873397636
2018-01-04 12:33:17.595936,75.0,,,0.9098064942256706,0.2645106726628751
2018-01-04 12:33:17.595941,76.0,,,0.9084945885264784,0.2756991733113599
2018-01-04 12:33:17.595945,77.0,,,0.926861266184338,0.24394851735319298
2018-01-04 12:33:17.595949,78.0,,,0.9252213841385433,0.24435998967101277
2018-01-04 12:33:17.595953,79.0,,,0.9298130535578955,0.232886104641996
2018-01-04 12:33:17.595958,80.0,,,0.9265332897790888,0.23774075521801916
2018-01-04 12:33:17.595962,81.0,,,0.9196457856207373,0.25756365693213706
2018-01-04 12:33:17.595966,82.0,,,0.9121023287887298,0.2752637816095165
2018-01-04 12:33:17.595971,83.0,,,0.9075106595648669,0.2867472574491116
2018-01-04 12:33:17.595975,84.0,,,0.9193178092936838,0.2554018035135178
2018-01-04 12:33:17.595979,85.0,,,0.9137422107563288,0.27567281397337523
2018-01-04 12:33:17.595983,86.0,,,0.9134142343706285,0.2727928764314173
2018-01-04 12:33:17.595987,87.0,,,0.9134142343510796,0.273301815216406
2018-01-04 12:33:17.595992,88.0,,,0.9157100689727856,0.27010007453340124
2018-01-04 12:33:17.595996,89.0,,,0.9124303051939789,0.2695845300524146
2018-01-04 12:33:17.596001,90.0,,,0.9258773369490416,0.24483123891331712
2018-01-04 12:33:17.596005,91.0,,,0.9321088882382481,0.23255571490352214
2018-01-04 12:33:17.596009,92.0,,,0.9275172188970917,0.24089842547487533
2018-01-04 12:33:17.596013,93.0,,,0.9098064941865728,0.2741542131187643
2018-01-04 12:33:17.596018,94.0,,,0.9098064941474749,0.2776747649421298
2018-01-04 12:33:17.596022,95.0,,,0.9140701871029312,0.2720266971364495
2018-01-04 12:33:17.596026,96.0,,,0.9111183995925313,0.27891291782049793
2018-01-04 12:33:17.596030,97.0,,,0.9130862578676349,0.27084623406698916
2018-01-04 12:33:17.596034,98.0,,,0.9232535259416355,0.24312573184572936
2018-01-04 12:33:17.596039,99.0,,,0.9317809119307435,0.22746854454581955
2018-01-04 12:33:17.596043,100.0,,,0.929485077211293,0.23145107521253086
2018-01-04 12:33:17.596047,101.0,,,0.9160380453975836,0.2668494482476737
2018-01-04 12:33:17.596051,102.0,,,0.9098064940888282,0.2777804370570003
2018-01-04 12:33:17.596055,103.0,,,0.9029189899891233,0.2910994156222533
2018-01-04 12:33:17.596060,104.0,,,0.9111183997098248,0.2810630261722101
2018-01-04 12:33:17.596064,105.0,,,0.9262053133933886,0.24655727396522753
2018-01-04 12:33:17.596068,106.0,,,0.9117743523834807,0.27798802538284045
2018-01-04 12:33:17.596073,107.0,,,0.9094785178595193,0.28167419165382623
2018-01-04 12:33:17.596077,108.0,,,0.9121023288278276,0.2736916017653552
2018-01-04 12:33:17.596081,109.0,,,0.9157100690118835,0.2715455066643609
2018-01-04 12:33:17.596086,110.0,,,0.9068547066566239,0.2817820310885885
2018-01-04 12:33:17.596090,111.0,,,0.927517218838445,0.240068883661678
2018-01-04 12:33:17.596094,112.0,,,0.9199737621237309,0.25989155153166316
2018-01-04 12:33:17.596098,113.0,,,0.9071826831791666,0.28145439208785444
2018-01-04 12:33:17.596102,114.0,,,0.9091505412978789,0.2816729540363927
2018-01-04 12:33:17.596106,115.0,,,0.9143981635081804,0.27506172239643584
2018-01-04 12:33:17.596111,116.0,,,0.9157100689923345,0.2727592571734131
2018-01-04 12:33:17.596115,117.0,,,0.9173499509794824,0.2681246370067359
2018-01-04 12:33:17.596119,118.0,,,0.9098064942061217,0.28047519679849914
2018-01-04 12:33:17.596123,119.0,,,0.9160380453780347,0.260605717719911
2018-01-04 12:33:17.596127,120.0,,,0.9157100691682747,0.26824730692358634
2018-01-04 12:33:17.596132,121.0,,,0.9143981634690825,0.27186220094546915
2018-01-04 12:33:17.596136,122.0,,,0.9137422107172309,0.2647892408251332
2018-01-04 12:33:17.596140,123.0,,,0.9052148248063184,0.2818849256055087
2018-01-04 12:33:17.596144,124.0,,,0.9137422107758777,0.274824031076106
2018-01-04 12:33:17.596148,125.0,,,0.9134142343510796,0.2731438590224042
2018-01-04 12:33:17.596152,126.0,,,0.9232535258829887,0.25576766474046014
2018-01-04 12:33:17.596157,127.0,,,0.9304690063683937,0.23701604689563366
2018-01-04 12:33:17.596162,128.0,,,0.9337487703035917,0.22805264376155193
2018-01-04 12:33:17.596166,129.0,,,0.9376844868733477,0.22051955759036576
2018-01-04 12:33:17.596170,130.0,,,0.932108888277346,0.23015745264676876
2018-01-04 12:33:17.596174,131.0,,,0.9321088883946395,0.22912094767228938
2018-01-04 12:33:17.596178,132.0,,,0.9327648410096486,0.23721483201717072
2018-01-04 12:33:17.596182,133.0,,,0.9291571008255928,0.2408301378320811
2018-01-04 12:33:17.596187,134.0,,,0.9298130535774444,0.23515651209622612
2018-01-04 12:33:17.596191,135.0,,,0.9311249590615985,0.2367740421998536
2018-01-04 12:33:17.596195,136.0,,,0.927517218818896,0.24104845511616155
2018-01-04 12:33:17.596199,137.0,,,0.9363725814282914,0.2229879603752663
2018-01-04 12:33:17.596203,138.0,,,0.9380124632004012,0.22041717098849295
2018-01-04 12:33:17.596208,139.0,,,0.9350606759050394,0.2266202570474042
2018-01-04 12:33:17.596212,140.0,,,0.928829124361697,0.23578176271352427
2018-01-04 12:33:17.596216,141.0,,,0.9373565104876475,0.2228277709668642
2018-01-04 12:33:17.596220,142.0,,,0.9307969827931918,0.23380133568282674
2018-01-04 12:33:17.596224,143.0,,,0.9370285341214961,0.22003329957497242
2018-01-04 12:33:17.596229,144.0,,,0.9386684159522527,0.22037623345695506
2018-01-04 12:33:17.596236,145.0,,,0.9350606758072948,0.22892080654508365
2018-01-04 12:33:17.596243,146.0,,,0.9360446048666509,0.225516452359035
2018-01-04 12:33:17.596249,147.0,,,0.9288291244789905,0.23582301341869588
2018-01-04 12:33:17.596253,148.0,,,0.9357166285395974,0.22626154984889088
2018-01-04 12:33:17.596258,149.0,,,0.9376844867365053,0.22069137032235714
2018-01-04 12:33:17.596262,150.0,,,0.9291571008060439,0.2347573750173119
2018-01-04 12:33:17.596266,151.0,,,0.9350606757877459,0.22492400060015924
2018-01-04 12:33:17.596271,152.0,,,0.9344047230163454,0.22805062111341276
2018-01-04 12:33:17.596275,153.0,,,0.9350606757877459,0.22700489793069326
2018-01-04 12:33:17.596279,154.0,,,0.9157100691487258,0.26944035804830796
2018-01-04 12:33:17.596283,155.0,,,0.9209576911830871,0.25868867527816913
2018-01-04 12:33:17.596287,156.0,,,0.9268612661061423,0.24685877885592497
2018-01-04 12:33:17.596292,157.0,,,0.9334207938787936,0.225200464390035
2018-01-04 12:33:17.596296,158.0,,,0.9298130536360911,0.23285505559726713
2018-01-04 12:33:17.596300,159.0,,,0.92981305365564,0.23266573241007996
2018-01-04 12:33:17.596304,160.0,,,0.928173171688041,0.2357946091223717
2018-01-04 12:33:17.596308,161.0,,,0.9294850771330974,0.2360762666535792
2018-01-04 12:33:17.596313,162.0,,,0.9212856675296894,0.2601418231707708
2018-01-04 12:33:17.596317,163.0,,,0.9186618565222833,0.26028270714006957
2018-01-04 12:33:17.596321,164.0,,,0.9327648410682954,0.23110324131167886
2018-01-04 12:33:17.596325,165.0,,,0.9275172190143852,0.2408365188719367
2018-01-04 12:33:17.596329,166.0,,,0.923253525804793,0.25319447145281404
2018-01-04 12:33:17.596334,167.0,,,0.92358150224914,0.24903484147253407
2018-01-04 12:33:17.596338,168.0,,,0.9222695966672413,0.2453160158148669
2018-01-04 12:33:17.596342,169.0,,,0.9370285341214961,0.21584479692100345
2018-01-04 12:33:17.596346,170.0,,,0.9301410300217914,0.2358757929944257
2018-01-04 12:33:17.596350,171.0,,,0.931124959178892,0.23415431230722705
2018-01-04 12:33:17.596355,172.0,,,0.9327648410291975,0.23232499423301506
2018-01-04 12:33:17.596359,173.0,,,0.9294850772894887,0.2440773799365448
2018-01-04 12:33:17.596364,174.0,,,0.9344047229772475,0.2261150674952488
2018-01-04 12:33:17.596368,175.0,,,0.9301410300804381,0.2363408254322047
2018-01-04 12:33:17.596372,176.0,,,0.9337487701667493,0.22700740040208756
2018-01-04 12:33:17.596377,177.0,,,0.9357166285982441,0.2246902866240758
2018-01-04 12:33:17.596381,178.0,,,0.9304690063683937,0.23539474142715947
2018-01-04 12:33:17.596385,179.0,,,0.9367005575989535,0.2221888689505698
2018-01-04 12:33:17.596389,180.0,,,0.9334207938592447,0.22156687226010838
2018-01-04 12:33:17.596394,181.0,,,0.9294850771917441,0.2387381321330585
2018-01-04 12:33:17.596398,182.0,,,0.9294850771721952,0.23736172488338636
2018-01-04 12:33:17.596402,183.0,,,0.9393243687432021,0.2171487102365056
2018-01-04 12:33:17.596406,184.0,,,0.9373565104680985,0.22097844625836946
2018-01-04 12:33:17.596410,185.0,,,0.9383404396251992,0.22092147328377396
2018-01-04 12:33:17.596414,186.0,,,0.9373565104876475,0.2197041489396497
2018-01-04 12:33:17.596419,187.0,,,0.9357166285591463,0.2256413099901838
2018-01-04 12:33:17.596423,188.0,,,0.9252213842167389,0.24272873476709683
2018-01-04 12:33:17.596427,189.0,,,0.935388652212544,0.22084565245155116
2018-01-04 12:33:17.596431,190.0,,,0.9311249591202453,0.23737689545307836
2018-01-04 12:33:17.596435,191.0,,,0.9330928174735444,0.2264456120464754
2018-01-04 12:33:17.596440,192.0,,,0.9393243687041043,0.2154453511060594
2018-01-04 12:33:17.596444,193.0,,,0.9376844868537988,0.21778107435244268
2018-01-04 12:33:17.596448,194.0,,,0.9350606758463926,0.22532271945933977
2018-01-04 12:33:17.596452,195.0,,,0.932108888277346,0.23486516209518998
2018-01-04 12:33:17.596456,196.0,,,0.9386684160304484,0.21819339328005338
2018-01-04 12:33:17.596461,197.0,,,0.941948179809255,0.2038760942811065
2018-01-04 12:33:17.596465,198.0,,,0.9370285341019472,0.22233900897481004
2018-01-04 12:33:17.596469,199.0,,,0.9360446048666509,0.21786240366354423
2018-01-04 12:33:17.596473,200.0,,,0.9376844868342499,0.21990141000326205
2018-01-04 12:33:17.596478,201.0,,,0.9406362743837476,0.21188838573196514
2018-01-04 12:33:17.596482,202.0,,,0.9344047229186009,0.2256109231894194
2018-01-04 12:33:17.596487,203.0,,,0.9360446049057487,0.21886346390224667
2018-01-04 12:33:17.596491,204.0,,,0.9399803215146025,0.21435339836340805
2018-01-04 12:33:17.596495,205.0,,,0.9389963923575019,0.2142796047293346
2018-01-04 12:33:17.596499,206.0,,,0.9452279436858062,0.19918994917835162
2018-01-04 12:33:17.596503,207.0,,,0.9235815023468846,0.2488501100960072
2018-01-04 12:33:17.596507,208.0,,,0.9216136439935854,0.2507256405613156
2018-01-04 12:33:17.596512,209.0,,,0.9314529355645923,0.23099139462771592
2018-01-04 12:33:17.596516,210.0,,,0.9337487702644939,0.21791941263746847
2018-01-04 12:33:17.596520,211.0,,,0.9337487701862982,0.224797876648881
2018-01-04 12:33:17.596524,212.0,,,0.9412922270574035,0.208634930214713
2018-01-04 12:33:17.596528,213.0,,,0.9380124631613034,0.2198412572019958
2018-01-04 12:33:17.596532,214.0,,,0.9327648411073932,0.22438427953006165
2018-01-04 12:33:17.596537,215.0,,,0.9330928174930934,0.2233053648978149
2018-01-04 12:33:17.596541,216.0,,,0.9360446049252976,0.2186089980969784
2018-01-04 12:33:17.596545,217.0,,,0.928173171688041,0.2395239277682018
2018-01-04 12:33:17.596549,218.0,,,0.9330928174735444,0.22794593120938875
2018-01-04 12:33:17.596553,219.0,,,0.9396523450898046,0.213024608470761
2018-01-04 12:33:17.596557,220.0,,,0.9399803215537004,0.21948438942940676
2018-01-04 12:33:17.596562,221.0,,,0.938012463239499,0.22395478394743887
2018-01-04 12:33:17.596566,222.0,,,0.9370285340042027,0.22246788160386105
2018-01-04 12:33:17.596570,223.0,,,0.933420793800598,0.23128207809868778
2018-01-04 12:33:17.596574,224.0,,,0.9330928174344466,0.22264481486160664
2018-01-04 12:33:17.596578,225.0,,,0.9314529355254945,0.23134570571487947
2018-01-04 12:33:17.596583,226.0,,,0.9393243687432021,0.21616048554722775
2018-01-04 12:33:17.596587,227.0,,,0.9337487702840428,0.22878350163530467
2018-01-04 12:33:17.596591,228.0,,,0.9245654314257896,0.23716188034255922
2018-01-04 12:33:17.596595,229.0,,,0.9386684160695462,0.21643153323662714
2018-01-04 12:33:17.596599,230.0,,,0.9294850771721952,0.23208894346260014
2018-01-04 12:33:17.596603,231.0,,,0.9344047229772475,0.2228805158628171
2018-01-04 12:33:17.596607,232.0,,,0.9376844868537988,0.22075007592470539
2018-01-04 12:33:17.596611,233.0,,,0.9370285341019472,0.22192349148289264
2018-01-04 12:33:17.596616,234.0,,,0.9386684159718016,0.21718975927994735
2018-01-04 12:33:17.596621,235.0,,,0.9370285340823983,0.21644425732302017
2018-01-04 12:33:17.596625,236.0,,,0.9340767465329006,0.23023724482905164
2018-01-04 12:33:17.596629,237.0,,,0.9314529355450434,0.23480753344995306
2018-01-04 12:33:17.596633,238.0,,,0.9412922270965013,0.2091461060261406
2018-01-04 12:33:17.596637,239.0,,,0.9370285340433006,0.22270050736265756
2018-01-04 12:33:17.596641,240.0,,,0.9386684160695462,0.21483881007690592
2018-01-04 12:33:17.596645,241.0,,,0.9403082979394006,0.2148268973829317
2018-01-04 12:33:17.596650,242.0,,,0.9393243687823,0.2150613241222656
2018-01-04 12:33:17.596654,243.0,,,0.9412922270965013,0.21071854470283644
2018-01-04 12:33:17.596658,244.0,,,0.9389963923770508,0.2151792348457501
2018-01-04 12:33:17.596662,245.0,,,0.9376844868733477,0.21785850643564264
2018-01-04 12:33:17.596666,246.0,,,0.9268612661256912,0.2451522165671768
2018-01-04 12:33:17.596670,247.0,,,0.9334207938201469,0.22794620975211785
2018-01-04 12:33:17.596675,248.0,,,0.9321088882968949,0.22870615000566838
2018-01-04 12:33:17.596679,249.0,,,0.9399803215537004,0.21785783775519763
2018-01-04 12:33:17.596683,250.0,,,0.9360446048666509,0.227973249475461
2018-01-04 12:33:17.596687,251.0,,,0.9383404395079058,0.22275591579107973
2018-01-04 12:33:17.596691,252.0,,,0.9409642506130566,0.20824755349484533
2018-01-04 12:33:17.596696,253.0,,,0.9330928174735444,0.22973439786992492
2018-01-04 12:33:17.596700,254.0,,,0.9380124633567926,0.21543080185467628
2018-01-04 12:33:17.596704,255.0,,,0.9301410299826935,0.22824518125481041
2018-01-04 12:33:17.596708,256.0,,,0.939324368762751,0.22061944650055423
2018-01-04 12:33:17.596712,257.0,,,0.9393243687823,0.21405147081048578
2018-01-04 12:33:17.596717,258.0,,,0.9393243688409467,0.21930513805387528
2018-01-04 12:33:17.596721,259.0,,,0.93473269932385,0.2198564487476746
2018-01-04 12:33:17.596725,260.0,,,0.9422761561949553,0.2125886422360518
2018-01-04 12:33:17.596729,261.0,,,0.9370285340823983,0.21829970195649998
2018-01-04 12:33:17.596733,262.0,,,0.9439160381430053,0.20834716474200593
2018-01-04 12:33:17.596738,263.0,,,0.9353886521147994,0.22767895853061995
2018-01-04 12:33:17.596742,264.0,,,0.9340767465915474,0.2261370434873258
2018-01-04 12:33:17.596746,265.0,,,0.9370285340433006,0.21979484084728468
2018-01-04 12:33:17.596750,266.0,,,0.9363725812719,0.2216894476677246
2018-01-04 12:33:17.596754,267.0,,,0.9367005575989535,0.22045271169478559
2018-01-04 12:33:17.596759,268.0,,,0.9360446049839444,0.22436155584570852
2018-01-04 12:33:17.596763,269.0,,,0.9439160381430053,0.21215993795933666
2018-01-04 12:33:17.596767,270.0,,,0.9386684160108995,0.21808813610069866
2018-01-04 12:33:17.596772,271.0,,,0.9360446049057487,0.21832107072992377
2018-01-04 12:33:17.596776,272.0,,,0.944244014645999,0.20461906898838841
2018-01-04 12:33:17.596780,273.0,,,0.9403082979198517,0.21429648221751127
2018-01-04 12:33:17.596785,274.0,,,0.9376844868342499,0.21812429852116574
2018-01-04 12:33:17.596789,275.0,,,0.933748770225396,0.23071168897757183
2018-01-04 12:33:17.596793,276.0,,,0.9373565104290007,0.22147915297529666
2018-01-04 12:33:17.596798,277.0,,,0.9426041326393022,0.21291733612561467
2018-01-04 12:33:17.596802,278.0,,,0.9383404396056504,0.21491091059402936
2018-01-04 12:33:17.596806,279.0,,,0.9367005577748938,0.22100765720161308
2018-01-04 12:33:17.596810,280.0,,,0.9353886521734461,0.21876308411877834
2018-01-04 12:33:17.596814,281.0,,,0.9386684159913505,0.21098177845593788
2018-01-04 12:33:17.596818,282.0,,,0.9396523452657447,0.21291140192999297
2018-01-04 12:33:17.596823,283.0,,,0.9370285340042027,0.2205156958388594
2018-01-04 12:33:17.596827,284.0,,,0.9403082979394006,0.21241741788977675
2018-01-04 12:33:17.596831,285.0,,,0.9396523451680001,0.21718311815642655
2018-01-04 12:33:17.596835,286.0,,,0.9399803214755047,0.21285782646902196
2018-01-04 12:33:17.596839,287.0,,,0.9442440146069012,0.20213620707260738
2018-01-04 12:33:17.596843,288.0,,,0.9416202035212994,0.2152935433247004
2018-01-04 12:33:17.596848,289.0,,,0.937684486795152,0.2189049989806116
2018-01-04 12:33:17.596852,290.0,,,0.9242374550400894,0.23834411326335195
2018-01-04 12:33:17.596856,291.0,,,0.9330928174148977,0.22615165920991043
2018-01-04 12:33:17.596860,292.0,,,0.9337487701667493,0.22835250627939802
2018-01-04 12:33:17.596864,293.0,,,0.9298130535774444,0.2337438881778451
2018-01-04 12:33:17.596868,294.0,,,0.9360446049448465,0.22403550217408905
2018-01-04 12:33:17.596873,295.0,,,0.9393243688409467,0.2125970621936319
2018-01-04 12:33:17.596877,296.0,,,0.9432600854107027,0.20176585891005172
2018-01-04 12:33:17.596881,297.0,,,0.943916038221201,0.20464960966355764
2018-01-04 12:33:17.596885,298.0,,,0.9370285341019472,0.2142621399868352
2018-01-04 12:33:17.596889,299.0,,,0.9412922271160502,0.20891263909459545
2018-01-04 12:33:17.596893,300.0,,,0.934076746669743,0.22412465930610612
2018-01-04 12:33:17.596898,301.0,,,0.930796982734545,0.23417410109816478
2018-01-04 12:33:17.596902,302.0,,,0.9022630371590762,0.2976959898857728
2018-01-04 12:33:17.596906,303.0,,,0.9225975730724904,0.26067805057101345
2018-01-04 12:33:17.596910,304.0,,,0.9189898328884346,0.2662959567256817
2018-01-04 12:33:17.596915,305.0,,,0.9255493606219881,0.2486192245939279
2018-01-04 12:33:17.596919,306.0,,,0.9006231553478685,0.29016210664174874
2018-01-04 12:33:17.596923,307.0,,,0.8999672024591746,0.2958927102052176
2018-01-04 12:33:17.596927,308.0,,,0.9002951789230704,0.29548344769685847
2018-01-04 12:33:17.596931,309.0,,,0.8999672025569191,0.2946532171997879
2018-01-04 12:33:17.596936,310.0,,,0.9084945885851251,0.27677302062022724
2018-01-04 12:33:17.596940,311.0,,,0.906526730212277,0.27702254706443274
2018-01-04 12:33:17.596944,312.0,,,0.9055428010942741,0.2679410922836186
2018-01-04 12:33:17.596948,313.0,,,0.906526730212277,0.27581681887823545
2018-01-04 12:33:17.596952,314.0,,,0.8996392262103168,0.2959631547923165
2018-01-04 12:33:17.596957,315.0,,,0.909150541258781,0.2782759714142226
2018-01-04 12:33:17.596961,316.0,,,0.9048868484206183,0.2823394670588886
2018-01-04 12:33:17.596965,317.0,,,0.9098064942061217,0.28147215437951656
2018-01-04 12:33:17.596969,318.0,,,0.9045588719176245,0.28340512325467343
2018-01-04 12:33:17.596973,319.0,,,0.9065267303491193,0.28065513709249085
2018-01-04 12:33:17.596977,320.0,,,0.9091505413956233,0.27914866716129033
2018-01-04 12:33:17.596982,321.0,,,0.9075106593693777,0.28160293498520933
2018-01-04 12:33:17.596986,322.0,,,0.9071826830423242,0.2841162223255255
2018-01-04 12:33:17.596990,323.0,,,0.9039029191853218,0.2910101617622
2018-01-04 12:33:17.596994,324.0,,,0.9075106593107309,0.27840476580118106
2018-01-04 12:33:17.596999,325.0,,,0.9091505413369767,0.2801716303426581
2018-01-04 12:33:17.597003,326.0,,,0.9045588718785267,0.28439528814942455
2018-01-04 12:33:17.597007,327.0,,,0.9029189898913788,0.2867681916941186
2018-01-04 12:33:17.597011,328.0,,,0.9035749427996217,0.2863339439361906
2018-01-04 12:33:17.597015,329.0,,,0.9091505414347212,0.2710288262105293
2018-01-04 12:33:17.597019,330.0,,,0.9048868483619715,0.288449022282378
2018-01-04 12:33:17.597024,331.0,,,0.9058707774604254,0.28618824709708984
2018-01-04 12:33:17.597028,332.0,,,0.9101344704354306,0.2800275083104678
2018-01-04 12:33:17.597032,333.0,,,0.9091505412978789,0.2829235904175323
2018-01-04 12:33:17.597036,334.0,,,0.914070187142029,0.2699759510178064
2018-01-04 12:33:17.597040,335.0,,,0.9065267302904726,0.2792158770967836
2018-01-04 12:33:17.597044,336.0,,,0.9068547066761729,0.27929693865127037
2018-01-04 12:33:17.597048,337.0,,,0.9114463760564272,0.2751693748360425
2018-01-04 12:33:17.597052,338.0,,,0.9098064940692793,0.2782128202442108
2018-01-04 12:33:17.597057,339.0,,,0.9032469663161768,0.2825242587975808
2018-01-04 12:33:17.597061,340.0,,,0.9009511317140199,0.2860280415021853
2018-01-04 12:33:17.597065,341.0,,,0.909806494127926,0.27937756348297454
2018-01-04 12:33:17.597069,342.0,,,0.9124303052330768,0.2756617638411073
2018-01-04 12:33:17.597073,343.0,,,0.9039029192439686,0.2864303258588252
2018-01-04 12:33:17.597077,344.0,,,0.9058707775190722,0.27536172205481463
2018-01-04 12:33:17.597081,345.0,,,0.9075106593693777,0.27753737513140875
2018-01-04 12:33:17.597086,346.0,,,0.9104624469188753,0.27175285677199834
2018-01-04 12:33:17.597090,347.0,,,0.9117743523639318,0.27607904165914776
2018-01-04 12:33:17.597094,348.0,,,0.9121023289060233,0.2646223234520384
2018-01-04 12:33:17.597098,349.0,,,0.9071826830227753,0.28561117646927986
2018-01-04 12:33:17.597102,350.0,,,0.914398163566827,0.2681861708656066
2018-01-04 12:33:17.597106,351.0,,,0.9199737620846331,0.2582995761570754
2018-01-04 12:33:17.597110,352.0,,,0.910462446997071,0.270793949073946
2018-01-04 12:33:17.597115,353.0,,,0.9098064940497304,0.2776091287579056
2018-01-04 12:33:17.597119,354.0,,,0.9068547066566239,0.2747313425301645
2018-01-04 12:33:17.597124,355.0,,,0.9163660218419306,0.25922547292029047
2018-01-04 12:33:17.597128,356.0,,,0.9035749428387195,0.2796210077267156
2018-01-04 12:33:17.597132,357.0,,,0.9098064941083771,0.26393486763188473
2018-01-04 12:33:17.597137,358.0,,,0.9134142344292753,0.26023568324903534
2018-01-04 12:33:17.597141,359.0,,,0.9104624468602287,0.26827813936632633
2018-01-04 12:33:17.597145,360.0,,,0.9209576911635382,0.25254394584657636
2018-01-04 12:33:17.597149,361.0,,,0.9216136439153897,0.24776903401831793
2018-01-04 12:33:17.597154,362.0,,,0.9160380455735239,0.25484056157454305
2018-01-04 12:33:17.597158,363.0,,,0.9147261398352338,0.2654068835663694
2018-01-04 12:33:17.597162,364.0,,,0.919973762104182,0.2540539492247886
2018-01-04 12:33:17.597166,365.0,,,0.9186618565222833,0.25617321538862614
2018-01-04 12:33:17.597170,366.0,,,0.9203017384312355,0.24756740344943043
2018-01-04 12:33:17.597174,367.0,,,0.9166939981494352,0.25432225920580065
2018-01-04 12:33:17.597179,368.0,,,0.9150541162991297,0.26558102363834774
2018-01-04 12:33:17.597183,369.0,,,0.9189898328884346,0.2536571938782764
2018-01-04 12:33:17.597187,370.0,,,0.918333880156132,0.2524608867838563
2018-01-04 12:33:17.597191,371.0,,,0.924565431347594,0.23980588635271516
2018-01-04 12:33:17.597195,372.0,,,0.9209576911635382,0.251701552189933
2018-01-04 12:33:17.597200,373.0,,,0.9163660219396752,0.26572303602483555
2018-01-04 12:33:17.597204,374.0,,,0.9078386357746269,0.26912844769483163
2018-01-04 12:33:17.597208,375.0,,,0.9039029192635175,0.26709040919261984
2018-01-04 12:33:17.597213,376.0,,,0.9147261398743316,0.2628107632465463
2018-01-04 12:33:17.597217,377.0,,,0.9160380453975836,0.2527259920133298
2018-01-04 12:33:17.597221,378.0,,,0.9163660218419306,0.260710625657882
2018-01-04 12:33:17.597225,379.0,,,0.9180059038095296,0.2565200485022743
2018-01-04 12:33:17.597229,380.0,,,0.9232535258829887,0.2467690479387882
2018-01-04 12:33:17.597233,381.0,,,0.916693998188533,0.2544318044936317
2018-01-04 12:33:17.597238,382.0,,,0.9173499510381291,0.2568380436317848
2018-01-04 12:33:17.597242,383.0,,,0.9212856675492384,0.25591145183618597
2018-01-04 12:33:17.597246,384.0,,,0.9232535258829887,0.2478496035901239
2018-01-04 12:33:17.597250,385.0,,,0.9183338802147787,0.25375133974703074
2018-01-04 12:33:17.597254,386.0,,,0.9248934078505877,0.24433421662456678
2018-01-04 12:33:17.597258,387.0,,,0.922925549595033,0.24662709748326617
2018-01-04 12:33:17.597262,388.0,,,0.918333880175681,0.2530869385694902
2018-01-04 12:33:17.597266,389.0,,,0.9265332898377355,0.23878032036514193
2018-01-04 12:33:17.597270,390.0,,,0.9275172188775428,0.2376084530713246
2018-01-04 12:33:17.597275,391.0,,,0.9278451952827919,0.2301059044621428
2018-01-04 12:33:17.597279,392.0,,,0.9252213841776411,0.24281251184683855
2018-01-04 12:33:17.597283,393.0,,,0.9186618565027344,0.25750176029425836
2018-01-04 12:33:17.597287,394.0,,,0.9281731716489432,0.23861526079883963
2018-01-04 12:33:17.597291,395.0,,,0.919973762104182,0.2531756792118527
2018-01-04 12:33:17.597295,396.0,,,0.9219416204770302,0.24560271725962693
2018-01-04 12:33:17.597300,397.0,,,0.9242374550596383,0.24696634875512116
2018-01-04 12:33:17.597304,398.0,,,0.9199737621237309,0.2548020372784853
2018-01-04 12:33:17.597308,399.0,,,0.9239094786543891,0.24383146322899546
2018-01-04 12:33:17.597312,400.0,,,0.9324368646825951,0.2269694548467997
2018-01-04 12:33:17.597316,401.0,,,0.923909478673938,0.23995115947394968
2018-01-04 12:33:17.597320,402.0,,,0.9278451952827919,0.2369051575074238
2018-01-04 12:33:17.597324,403.0,,,0.9268612661061423,0.2379896037937892
2018-01-04 12:33:17.597329,404.0,,,0.931124959178892,0.2290618995020686
2018-01-04 12:33:17.597333,405.0,,,0.928173171688041,0.24070087489670478
2018-01-04 12:33:17.597337,406.0,,,0.9337487702058471,0.22916009365808537
2018-01-04 12:33:17.597342,407.0,,,0.9314529355841412,0.22358904525310183
2018-01-04 12:33:17.597346,408.0,,,0.9321088883946395,0.22775605252509276
2018-01-04 12:33:17.597350,409.0,,,0.9330928174539955,0.21861359320651824
2018-01-04 12:33:17.597354,410.0,,,0.9376844868928966,0.21578554633641955
2018-01-04 12:33:17.597358,411.0,,,0.9294850773872333,0.22314659849899093
2018-01-04 12:33:17.597362,412.0,,,0.930796982734545,0.22828044617477108
2018-01-04 12:33:17.597366,413.0,,,0.9288291244594415,0.2274901883138442
2018-01-04 12:33:17.597370,414.0,,,0.9317809118916457,0.2225371522565637
2018-01-04 12:33:17.597374,415.0,,,0.9298130536360911,0.2343317991340696
2018-01-04 12:33:17.597379,416.0,,,0.927845195243694,0.238366224524153
2018-01-04 12:33:17.597383,417.0,,,0.9275172188775428,0.24046954772596713
2018-01-04 12:33:17.597387,418.0,,,0.930796982734545,0.23705924528373895
2018-01-04 12:33:17.597391,419.0,,,0.938012463239499,0.21426704856812973
2018-01-04 12:33:17.597395,420.0,,,0.9222695967063391,0.24231507791167753
2018-01-04 12:33:17.597399,421.0,,,0.9294850772699398,0.2231504931219995
2018-01-04 12:33:17.597403,422.0,,,0.9298130535969933,0.22691358743671042
2018-01-04 12:33:17.597407,423.0,,,0.9206297148951315,0.2448116547066722
2018-01-04 12:33:17.597411,424.0,,,0.9229255494777395,0.2334851684991396
2018-01-04 12:33:17.597416,425.0,,,0.936700557735796,0.21739153663187036
2018-01-04 12:33:17.597420,426.0,,,0.9317809119307435,0.21800552838823764
2018-01-04 12:33:17.597424,427.0,,,0.9406362742664541,0.20915488272700086
2018-01-04 12:33:17.597428,428.0,,,0.9311249590811475,0.23451565084358872
2018-01-04 12:33:17.597432,429.0,,,0.930796982754094,0.22502840351143522
2018-01-04 12:33:17.597436,430.0,,,0.9304690063879426,0.23348160895921238
2018-01-04 12:33:17.597440,431.0,,,0.9317809118916457,0.22437805058077226
2018-01-04 12:33:17.597444,432.0,,,0.9294850771721952,0.23173805304963926
2018-01-04 12:33:17.597449,433.0,,,0.9327648411269421,0.22832045723430913
2018-01-04 12:33:17.597453,434.0,,,0.9291571008451417,0.23240718240619057
2018-01-04 12:33:17.597457,435.0,,,0.9311249591202453,0.23026066388545094
2018-01-04 12:33:17.597461,436.0,,,0.9380124632004012,0.21424591859937614
2018-01-04 12:33:17.597465,437.0,,,0.931124959178892,0.22822787268860062
2018-01-04 12:33:17.597469,438.0,,,0.9311249591006964,0.2317339316494311
2018-01-04 12:33:17.597473,439.0,,,0.9321088882968949,0.22830616900982642
2018-01-04 12:33:17.597477,440.0,,,0.928829124576735,0.23025252740670127
2018-01-04 12:33:17.597482,441.0,,,0.9245654313671429,0.24139846063277964
2018-01-04 12:33:17.597486,442.0,,,0.9330928174148977,0.2261420080225051
2018-01-04 12:33:17.597490,443.0,,,0.933748770225396,0.22968633811604433
2018-01-04 12:33:17.597494,444.0,,,0.9321088882382481,0.23323011249254946
2018-01-04 12:33:17.597498,445.0,,,0.9314529356623369,0.2298854120092808
2018-01-04 12:33:17.597502,446.0,,,0.9334207938396958,0.22707463523801252
2018-01-04 12:33:17.597506,447.0,,,0.926861266164789,0.24128833937035032
2018-01-04 12:33:17.597511,448.0,,,0.9347326993824967,0.22360519023362282
2018-01-04 12:33:17.597515,449.0,,,0.937684486795152,0.2121006307073326
2018-01-04 12:33:17.597519,450.0,,,0.9399803215341515,0.2060271815154622
2018-01-04 12:33:17.597523,451.0,,,0.938012463239499,0.2128644426627877
2018-01-04 12:33:17.597527,452.0,,,0.9386684160108995,0.21666123260334305
2018-01-04 12:33:17.597531,453.0,,,0.9403082979980474,0.20701372086825862
2018-01-04 12:33:17.597535,454.0,,,0.9380124631808523,0.21838375454400163
2018-01-04 12:33:17.597539,455.0,,,0.935060675748648,0.22379202114417537
2018-01-04 12:33:17.597543,456.0,,,0.9373565105267453,0.21564909377892552
2018-01-04 12:33:17.597548,457.0,,,0.9367005576185025,0.22318472881841442
2018-01-04 12:33:17.597552,458.0,,,0.9386684159327038,0.21443085296695918
2018-01-04 12:33:17.597556,459.0,,,0.9344047230358943,0.21360257505471295
2018-01-04 12:33:17.597560,460.0,,,0.9403082979394006,0.21228731341755325
2018-01-04 12:33:17.597564,461.0,,,0.9399803216123471,0.21104226767449896
2018-01-04 12:33:17.597568,462.0,,,0.9409642508085456,0.20466253745942947
2018-01-04 12:33:17.597573,463.0,,,0.9419481798874507,0.2043545919682167
2018-01-04 12:33:17.597577,464.0,,,0.9406362743251009,0.20921341500132934
2018-01-04 12:33:17.597581,465.0,,,0.9412922271160502,0.20875299925020618
2018-01-04 12:33:17.597586,466.0,,,0.9419481798679018,0.21097681984896738
2018-01-04 12:33:17.597590,467.0,,,0.9439160381821031,0.20150872534730466
2018-01-04 12:33:17.597594,468.0,,,0.9422761562731509,0.20596948413623672
2018-01-04 12:33:17.597598,469.0,,,0.9383404395665526,0.21273401806240358
2018-01-04 12:33:17.597602,470.0,,,0.938012463259048,0.21326886587609772
2018-01-04 12:33:17.597606,471.0,,,0.9416202034626526,0.20497930586513982
2018-01-04 12:33:17.597610,472.0,,,0.9389963924161486,0.2147407945393343
2018-01-04 12:33:17.597615,473.0,,,0.9409642507694478,0.2052283283236301
2018-01-04 12:33:17.597619,474.0,,,0.9406362743446498,0.2097342549366574
2018-01-04 12:33:17.597623,475.0,,,0.935060675768197,0.2208008077808113
2018-01-04 12:33:17.597627,476.0,,,0.9363725813305468,0.22031169568722112
2018-01-04 12:33:17.597631,477.0,,,0.931124959178892,0.21708982447867864
2018-01-04 12:33:17.597636,478.0,,,0.9334207939569893,0.22782861404475246
2018-01-04 12:33:17.597640,479.0,,,0.9386684159718016,0.21577929715888935
2018-01-04 12:33:17.597644,480.0,,,0.9416202035017505,0.20920386990589093
2018-01-04 12:33:17.597648,481.0,,,0.9409642507498989,0.2108408285774689
2018-01-04 12:33:17.597652,482.0,,,0.9426041326393022,0.20877864129447907
2018-01-04 12:33:17.597656,483.0,,,0.939324368762751,0.20735244944119852
2018-01-04 12:33:17.597661,484.0,,,0.9432600855084473,0.2060925228824847
2018-01-04 12:33:17.597665,485.0,,,0.9278451953414386,0.23345491110242442
2018-01-04 12:33:17.597669,486.0,,,0.9291571008060439,0.24127822081723657
2018-01-04 12:33:17.597673,487.0,,,0.9330928175321912,0.22808379071702642
2018-01-04 12:33:17.597678,488.0,,,0.935388652212544,0.22317790920595998
2018-01-04 12:33:17.597682,489.0,,,0.930796982754094,0.23058008190235885
2018-01-04 12:33:17.597686,490.0,,,0.93473269932385,0.22604963984419846
2018-01-04 12:33:17.597690,491.0,,,0.9314529355645923,0.2304478827246919
2018-01-04 12:33:17.597694,492.0,,,0.9291571008255928,0.22613080748087774
2018-01-04 12:33:17.597699,493.0,,,0.936700557716247,0.2167427186087805
2018-01-04 12:33:17.597703,494.0,,,0.9330928174539955,0.2230748984511855
2018-01-04 12:33:17.597707,495.0,,,0.935716628422304,0.21246258058961237
2018-01-04 12:33:17.597711,496.0,,,0.9416202034040059,0.2075056100319784
2018-01-04 12:33:17.597715,497.0,,,0.9422761561949553,0.20896139009814452
2018-01-04 12:33:17.597719,498.0,,,0.9370285340237516,0.2143391415882439
2018-01-04 12:33:17.597724,499.0,,,0.9416202034822015,0.20795695034059472
2018-01-04 12:33:17.597728,500.0,,,0.9330928174930934,0.2273827003588165
2018-01-04 12:33:17.597732,501.0,,,0.9353886521538972,0.2180865619682257
2018-01-04 12:33:17.597736,502.0,,,0.9406362742664541,0.21029958765735077
2018-01-04 12:33:17.597740,503.0,,,0.9439160381821031,0.198340201551854
2018-01-04 12:33:17.597744,504.0,,,0.9416202034040059,0.20745347417272791
2018-01-04 12:33:17.597748,505.0,,,0.9442440145091566,0.2014236326059696
2018-01-04 12:33:17.597753,506.0,,,0.9416202034626526,0.20822151870307629
2018-01-04 12:33:17.597757,507.0,,,0.941292227174697,0.20887008189138487
2018-01-04 12:33:17.597761,508.0,,,0.9399803215927982,0.2070059114575347
2018-01-04 12:33:17.597765,509.0,,,0.940636274286003,0.21429357080723113
2018-01-04 12:33:17.597769,510.0,,,0.9435880618745985,0.20709169006769912
2018-01-04 12:33:17.597773,511.0,,,0.941292227155148,0.2051615807297739
2018-01-04 12:33:17.597777,512.0,,,0.9399803214755047,0.2102124406377305
2018-01-04 12:33:17.597782,513.0,,,0.9406362743251009,0.21044049524662728
2018-01-04 12:33:17.597786,514.0,,,0.9399803215732493,0.20948533537877354
2018-01-04 12:33:17.597790,515.0,,,0.9432600854107027,0.2040165608175155
2018-01-04 12:33:17.597794,516.0,,,0.9393243687823,0.20927478222524037
2018-01-04 12:33:17.597798,517.0,,,0.9422761562340531,0.2035265709678241
2018-01-04 12:33:17.597802,518.0,,,0.9412922270965013,0.200679290217429
2018-01-04 12:33:17.597806,519.0,,,0.9426041326002044,0.20038526404310578
2018-01-04 12:33:17.597810,520.0,,,0.9403082979198517,0.21443126896789091
2018-01-04 12:33:17.597815,521.0,,,0.9396523451289024,0.20816982821211655
2018-01-04 12:33:17.597819,522.0,,,0.9416202034626526,0.20547335449986162
2018-01-04 12:33:17.597823,523.0,,,0.9389963923770508,0.20925395402821528
2018-01-04 12:33:17.597827,524.0,,,0.9396523451484513,0.20734847498041717
2018-01-04 12:33:17.597831,525.0,,,0.939324368762751,0.20857951766880037
2018-01-04 12:33:17.597835,526.0,,,0.9399803214559558,0.21058021329658544
2018-01-04 12:33:17.597841,527.0,,,0.9429321090641003,0.20589117715107727
2018-01-04 12:33:17.597845,528.0,,,0.9468678255947585,0.19669897114890408
2018-01-04 12:33:17.597849,529.0,,,0.9412922270378545,0.20592851266778076
2018-01-04 12:33:17.597853,530.0,,,0.9380124633176947,0.21287029419581824
2018-01-04 12:33:17.597858,531.0,,,0.9389963924161486,0.20838203135769107
2018-01-04 12:33:17.597862,532.0,,,0.9406362744032966,0.20482673358432424
2018-01-04 12:33:17.597866,533.0,,,0.9344047229772475,0.22095814664448313
2018-01-04 12:33:17.597870,534.0,,,0.9416202034822015,0.21034600410491922
2018-01-04 12:33:17.597875,535.0,,,0.9353886521343483,0.21416617027752985
2018-01-04 12:33:17.597879,536.0,,,0.9363725813500957,0.21993073292269633
2018-01-04 12:33:17.597883,537.0,,,0.9386684159913505,0.20766189340080501
2018-01-04 12:33:17.597887,538.0,,,0.9429321089859046,0.20860481316455273
2018-01-04 12:33:17.597891,539.0,,,0.9445719908948569,0.20207796285155563
2018-01-04 12:33:17.597896,540.0,,,0.9383404395861015,0.21277379824924406
2018-01-04 12:33:17.597900,541.0,,,0.9452279437053551,0.20199927569374018
2018-01-04 12:33:17.597904,542.0,,,0.940636274286003,0.2087614396999374
2018-01-04 12:33:17.597908,543.0,,,0.9403082978807539,0.20691517778364077
2018-01-04 12:33:17.597912,544.0,,,0.9396523451484513,0.2087356410297498
2018-01-04 12:33:17.597916,545.0,,,0.9275172189948363,0.23319772790986695
2018-01-04 12:33:17.597920,546.0,,,0.9393243687823,0.21174051029324806
2018-01-04 12:33:17.597925,547.0,,,0.9396523451093535,0.2094604053793285
2018-01-04 12:33:17.597929,548.0,,,0.939652345187549,0.2041057994929483
2018-01-04 12:33:17.597933,549.0,,,0.9422761562536021,0.2046891532938533
2018-01-04 12:33:17.597937,550.0,,,0.9419481798679018,0.2036780967951681
2018-01-04 12:33:17.597941,551.0,,,0.9429321089663557,0.20489332611129182
2018-01-04 12:33:17.597945,552.0,,,0.943260085352056,0.20227176009162054
2018-01-04 12:33:17.597949,553.0,,,0.9419481798679018,0.20673973482039842
2018-01-04 12:33:17.597953,554.0,,,0.9422761562731509,0.20421959698767145
2018-01-04 12:33:17.597957,555.0,,,0.9445719909144058,0.201798601550679
2018-01-04 12:33:17.597961,556.0,,,0.9422761561949553,0.2033072527548101
2018-01-04 12:33:17.597966,557.0,,,0.9416202034040059,0.20407648724722213
2018-01-04 12:33:17.597970,558.0,,,0.9435880617768541,0.20559224894434633
2018-01-04 12:33:17.597974,559.0,,,0.936372581291449,0.21169288578131973
2018-01-04 12:33:17.597978,560.0,,,0.9422761562340531,0.20433341320048162
2018-01-04 12:33:17.597982,561.0,,,0.944899967319655,0.20507405099125134
2018-01-04 12:33:17.597986,562.0,,,0.9455559200910554,0.20044600004718202
2018-01-04 12:33:17.597990,563.0,,,0.9488356839285088,0.19897433961462138
2018-01-04 12:33:17.597995,564.0,,,0.937028534141045,0.21909671225247518
2018-01-04 12:33:17.597999,565.0,,,0.9281731716489432,0.22954352980033027
2018-01-04 12:33:17.598003,566.0,,,0.9271892425113915,0.23626684961689617
2018-01-04 12:33:17.598007,567.0,,,0.9311249592570877,0.2313589267982503
2018-01-04 12:33:17.598011,568.0,,,0.9337487702644939,0.22184280336157303
2018-01-04 12:33:17.598015,569.0,,,0.9321088882968949,0.22010971446454075
2018-01-04 12:33:17.598019,570.0,,,0.9307969827736429,0.22547575692615965
2018-01-04 12:33:17.598023,571.0,,,0.9278451952632429,0.2254768714440694
2018-01-04 12:33:17.598027,572.0,,,0.9252213841776411,0.23747041405087888
2018-01-04 12:33:17.598032,573.0,,,0.9321088882968949,0.22810152283493673
2018-01-04 12:33:17.598036,574.0,,,0.9327648410096486,0.2288185392697939
2018-01-04 12:33:17.598040,575.0,,,0.9334207938396958,0.22991244798411928
2018-01-04 12:33:17.598044,576.0,,,0.930796982734545,0.23212963407666773
2018-01-04 12:33:17.598048,577.0,,,0.9347326994215945,0.22154553599653184
2018-01-04 12:33:17.598052,578.0,,,0.9291571008646906,0.2195790636613745
2018-01-04 12:33:17.598056,579.0,,,0.927845195243694,0.23449168097448958
2018-01-04 12:33:17.598061,580.0,,,0.9311249591202453,0.22634681279775
2018-01-04 12:33:17.598065,581.0,,,0.9271892425895871,0.23595804212600843
2018-01-04 12:33:17.598069,582.0,,,0.9301410300413403,0.23622314561074115
2018-01-04 12:33:17.598073,583.0,,,0.932436864702144,0.2235710150239975
2018-01-04 12:33:17.598077,584.0,,,0.9314529355450434,0.23643108681406338
2018-01-04 12:33:17.598081,585.0,,,0.9298130535578955,0.23795106960109275
2018-01-04 12:33:17.598085,586.0,,,0.9288291244398926,0.23318757401720036
2018-01-04 12:33:17.598089,587.0,,,0.9324368646043995,0.22825176995058222
2018-01-04 12:33:17.598094,588.0,,,0.936700557716247,0.22046999807297576
2018-01-04 12:33:17.598098,589.0,,,0.9317809118525479,0.23386430856672497
2018-01-04 12:33:17.598102,590.0,,,0.9334207938983425,0.22233683339061405
2018-01-04 12:33:17.598106,591.0,,,0.933748770244945,0.22266252228923608
2018-01-04 12:33:17.598110,592.0,,,0.9360446049057487,0.22120027725971814
2018-01-04 12:33:17.598114,593.0,,,0.9291571008842395,0.23802732483955164
2018-01-04 12:33:17.598118,594.0,,,0.9357166285004996,0.22175703991159293
2018-01-04 12:33:17.598122,595.0,,,0.937684486795152,0.21070707401962663
2018-01-04 12:33:17.598126,596.0,,,0.9442440145091566,0.20220899935744557
2018-01-04 12:33:17.598130,597.0,,,0.9383404396447481,0.2168484297823851
2018-01-04 12:33:17.598134,598.0,,,0.9347326994020456,0.22159260770421452
2018-01-04 12:33:17.598140,599.0,,,0.9330928174344466,0.22300214342658112
2018-01-04 12:33:17.598146,,0.2644794396762773,0.923228345987365,,
